id;username;password;appid;apikey
1;Toallas;Hormigon Arquitecto Silver;Pescado;orientado systems
2;Moda scalable Global;Cambridgeshire;intuitive;Usabilidad moderador
3;override productize;Galicia Account;Automatizado Desarrollador;Jefe networks
4;multi-byte;models Videojuegos;hack RAM sinergia;communities Asistente Re-implementado
5;bypassing;de;Suriname Sabroso next-generation;Funcionalidad Increible
6;HTTP payment COM;Checking;proactive Account adaptador;redundant Multi next-generation
7;sensor Mercado;Salchichas Ladrillo;dot-com;Increible innovative
8;Consultor;didactica;Azul Guapo;Implementación Analista programming
9;Pequeño;Optimización;Toallas Barrio Cambridgeshire;Marca SCSI
10;Seguro;La virtual;protocol Seguridada Loan;Borders payment
